Disease,Lack of appetite,Swim near surface,Itching,Breathing difficulties,Lethargy,Restless,Pale face,Bulgy eyes,Swollen eyes,Redness in eye,White clouds in eye,Swollen belly,Ulcer,Curved spine,Red skin,Worm in skin,Localized redness,Cotton like growths,Open sores,Parasites on skin,White clouds in mouth,White dots,Clamped fin,Red tail,Red fins,Split fins,Fin color fade,Rotten tail,Rotten fin,Rotten gills,Mucus on gills,Filename,total,temp
5,0,0,0,0,1,0,0,0,0,0,0,0,0,0,0,0,0,1,0,0,0,0,0,0,0,1,1,1,1,0,0,diseases\cropped_data\1..jpg,1,diseases\cropped_data\1..jpg
1,1,1,0,0,1,0,0,0,0,0,0,1,0,0,0,0,0,0,0,0,0,0,0,0,0,0,0,0,0,0,0,diseases\cropped_data\2..jpg,1,diseases\cropped_data\2..jpg
9,0,1,1,1,0,0,0,0,0,0,0,0,0,0,0,0,1,0,1,0,0,0,0,0,0,0,0,0,0,0,0,diseases\cropped_data\3..jpg,0,0
5,0,0,0,0,1,0,0,0,0,0,0,0,0,0,0,0,0,0,0,0,0,0,0,0,0,1,0,1,1,0,0,diseases\cropped_data\4..jpg,0,0
5,0,0,0,0,1,0,0,0,0,0,0,0,0,0,0,0,0,0,0,0,0,0,0,0,0,1,0,1,1,0,0,diseases\cropped_data\5..jpg,0,0
5,0,0,0,0,1,0,0,0,0,0,0,0,0,0,0,0,0,0,0,0,0,0,0,0,0,1,1,1,1,0,0,diseases\cropped_data\6..jpg,1,diseases\cropped_data\6..jpg
3,0,0,1,1,1,1,0,0,0,0,0,0,0,0,0,0,0,0,0,1,0,0,0,0,0,0,0,0,0,0,0,diseases\cropped_data\8..jpg,0,0
5,0,0,0,0,1,0,0,0,0,0,0,0,0,0,0,0,0,0,0,0,0,0,0,0,0,1,0,1,1,1,0,diseases\cropped_data\9..jpg,0,0
3,0,0,1,1,1,1,0,0,0,0,0,0,0,0,0,1,1,0,0,0,0,0,0,0,0,0,0,0,0,0,0,diseases\cropped_data\10..jpg,0,0
1,1,1,0,0,1,0,0,0,0,0,0,1,0,1,0,0,0,0,0,0,0,0,0,0,0,0,0,0,0,0,0,diseases\cropped_data\11..jpg,2,diseases\cropped_data\11..jpg
9,0,1,1,1,0,0,0,0,0,0,0,0,0,0,0,0,0,0,0,0,0,0,0,0,0,1,0,0,0,0,0,diseases\cropped_data\12..jpg,0,0
10,0,0,0,0,1,0,0,0,0,0,0,0,1,0,1,0,1,0,1,0,0,0,1,0,0,0,0,0,0,0,0,diseases\cropped_data\13..jpg,2,diseases\cropped_data\13..jpg
7,0,0,0,0,0,0,0,0,0,0,0,0,0,0,0,0,0,1,0,0,0,1,1,0,0,0,0,0,0,1,0,diseases\cropped_data\14..jpg,2,diseases\cropped_data\14..jpg
1,1,1,0,0,1,0,0,0,0,0,0,1,0,0,0,0,0,0,0,0,0,0,0,0,0,0,0,0,0,0,0,diseases\cropped_data\15..jpg,1,diseases\cropped_data\15..jpg
1,1,1,0,0,1,0,0,0,0,0,0,1,0,0,0,0,0,0,0,0,0,0,0,0,0,0,0,0,0,0,0,diseases\cropped_data\16..jpg,1,diseases\cropped_data\16..jpg
1,1,1,0,0,1,0,0,0,0,0,0,1,0,0,1,0,0,0,0,0,0,0,0,0,0,0,0,0,0,0,0,diseases\cropped_data\17..jpg,2,diseases\cropped_data\17..jpg
3,0,0,1,1,1,1,0,0,0,0,0,0,0,0,0,0,0,0,0,1,0,0,0,0,0,0,0,0,0,0,0,diseases\cropped_data\18..jpg,0,0
7,0,0,0,0,0,0,0,0,0,0,0,0,0,0,0,0,0,0,0,0,0,1,1,0,0,0,0,0,0,0,0,diseases\cropped_data\19..jpg,2,diseases\cropped_data\19..jpg
5,0,0,0,0,1,0,0,0,0,0,0,0,0,0,0,0,0,0,0,0,0,0,1,0,1,0,0,0,0,0,0,diseases\cropped_data\20..jpg,1,diseases\cropped_data\20..jpg
1,1,1,0,0,1,0,0,0,0,0,0,1,0,0,0,0,0,0,0,0,0,0,0,0,0,0,0,0,0,0,0,diseases\cropped_data\21..jpg,1,diseases\cropped_data\21..jpg
1,1,1,0,0,1,0,0,0,0,0,0,1,0,0,0,0,0,0,0,0,0,0,0,0,0,0,0,0,0,0,0,diseases\cropped_data\22..jpg,1,diseases\cropped_data\22..jpg
6,1,0,0,0,1,0,1,0,0,0,0,0,0,0,0,0,0,0,0,0,1,0,0,0,0,0,0,0,0,0,0,diseases\cropped_data\23..jpg,0,0
6,1,0,0,0,1,0,1,0,0,0,0,0,0,0,0,0,0,0,0,0,1,0,0,0,0,0,0,0,0,0,0,diseases\cropped_data\24..jpg,0,0
6,1,0,0,0,1,0,1,0,0,0,0,0,0,0,0,0,0,0,0,0,1,0,0,0,0,0,0,0,0,0,0,diseases\cropped_data\25..jpg,0,0
6,1,0,0,0,1,0,1,0,0,0,0,0,0,0,0,0,0,0,0,0,1,0,0,0,0,0,0,0,0,0,0,diseases\cropped_data\26..jpg,0,0
6,1,0,0,0,1,0,1,0,0,0,0,0,0,0,0,0,0,0,0,0,1,0,0,0,0,0,0,0,0,0,0,diseases\cropped_data\27..jpg,0,0
6,1,0,0,0,1,0,1,0,0,0,0,0,0,0,0,0,0,0,0,0,1,0,0,0,0,0,0,0,0,0,0,diseases\cropped_data\28..jpg,0,0
1,1,1,0,0,1,0,0,0,0,0,0,1,0,0,0,0,0,0,0,0,0,0,0,0,0,0,0,0,0,0,0,diseases\cropped_data\29..jpg,1,diseases\cropped_data\29..jpg
5,0,0,0,0,1,0,0,0,0,0,0,0,0,0,0,0,0,0,0,0,0,0,1,0,1,0,0,1,1,0,0,diseases\cropped_data\30..jpg,1,diseases\cropped_data\30..jpg
5,0,0,0,0,1,0,0,0,0,0,0,0,0,0,0,0,0,0,0,0,0,0,1,0,1,0,0,1,1,0,0,diseases\cropped_data\31..jpg,1,diseases\cropped_data\31..jpg
5,0,0,0,0,1,0,0,0,0,0,0,0,0,0,0,0,0,0,0,0,0,0,1,0,1,0,0,1,1,0,0,diseases\cropped_data\32..jpg,1,diseases\cropped_data\32..jpg
5,0,0,0,0,1,0,0,0,0,0,0,0,0,0,0,0,0,0,0,0,0,0,1,0,1,0,0,1,1,0,0,diseases\cropped_data\33..jpg,1,diseases\cropped_data\33..jpg
5,0,0,0,0,1,0,0,0,0,0,0,0,0,0,0,0,0,0,0,0,0,0,1,0,1,0,0,1,1,0,0,diseases\cropped_data\34..jpg,1,diseases\cropped_data\34..jpg
5,0,0,0,0,1,0,0,0,0,0,0,0,0,0,0,0,0,0,0,0,0,0,1,0,1,0,0,1,1,0,0,diseases\cropped_data\35..jpg,1,diseases\cropped_data\35..jpg
5,0,0,0,0,1,0,0,0,0,0,0,0,0,0,0,0,0,0,0,0,0,0,1,0,1,0,0,1,1,0,0,diseases\cropped_data\36..jpg,1,diseases\cropped_data\36..jpg
5,0,0,0,0,1,0,0,0,0,0,0,0,0,0,0,0,0,0,0,0,0,0,1,0,1,0,0,1,1,0,0,diseases\cropped_data\37..jpg,1,diseases\cropped_data\37..jpg
5,0,0,0,0,1,0,0,0,0,0,0,0,0,0,0,0,0,0,0,0,0,0,1,0,1,0,0,1,1,0,0,diseases\cropped_data\38..jpg,1,diseases\cropped_data\38..jpg
5,0,0,0,0,1,0,0,0,0,0,0,0,0,0,0,0,0,0,0,0,0,0,1,0,1,0,0,1,1,0,0,diseases\cropped_data\39..jpg,1,diseases\cropped_data\39..jpg
5,0,0,0,0,1,0,0,0,0,0,0,0,0,0,0,0,0,0,0,0,0,0,1,0,1,0,0,1,1,0,0,diseases\cropped_data\40..jpg,1,diseases\cropped_data\40..jpg
1,1,1,0,0,1,0,0,0,0,0,0,1,0,0,0,0,0,0,0,0,0,0,0,0,0,0,0,0,0,0,0,diseases\cropped_data\41..jpg,1,diseases\cropped_data\41..jpg
1,1,1,0,0,1,0,0,0,0,0,0,1,0,0,0,0,0,0,0,0,0,0,0,0,0,0,0,0,0,0,0,diseases\cropped_data\42..jpg,1,diseases\cropped_data\42..jpg
1,1,1,0,0,1,0,0,0,0,0,0,1,0,0,0,0,0,0,0,0,0,0,0,0,0,0,0,0,0,0,0,diseases\cropped_data\43..jpg,1,diseases\cropped_data\43..jpg
1,1,1,0,0,1,0,0,0,0,0,0,1,0,0,0,0,0,0,0,0,0,0,0,0,0,0,0,0,0,0,0,diseases\cropped_data\44..jpg,1,diseases\cropped_data\44..jpg
1,1,1,0,0,1,0,0,0,0,0,0,1,0,0,0,0,0,0,0,0,0,0,0,0,0,0,0,0,0,0,0,diseases\cropped_data\45..jpg,1,diseases\cropped_data\45..jpg
1,1,1,0,0,1,0,0,0,0,0,0,1,0,0,0,0,0,0,0,0,0,0,0,0,0,0,0,0,0,0,0,diseases\cropped_data\46..jpg,1,diseases\cropped_data\46..jpg
1,1,1,0,0,1,0,0,0,0,0,0,1,0,0,0,0,0,0,0,0,0,0,0,0,0,0,0,0,0,0,0,diseases\cropped_data\47..jpg,1,diseases\cropped_data\47..jpg
1,1,1,0,0,1,0,0,0,0,0,0,1,0,0,0,0,0,0,0,0,0,0,0,0,0,0,0,0,0,0,0,diseases\cropped_data\48..jpg,1,diseases\cropped_data\48..jpg
1,1,1,0,0,1,0,0,0,0,0,0,1,0,0,0,0,0,0,0,0,0,0,0,0,0,0,0,0,0,0,0,diseases\cropped_data\49..jpg,1,diseases\cropped_data\49..jpg
1,1,1,0,0,1,0,0,0,0,0,0,1,0,0,0,0,0,0,0,0,0,0,0,0,0,0,0,0,0,0,0,diseases\cropped_data\50..jpg,1,diseases\cropped_data\50..jpg
1,1,1,0,0,1,0,0,0,0,0,0,1,0,0,0,0,0,0,0,0,0,0,0,0,0,0,0,0,0,0,0,diseases\cropped_data\51..jpg,1,diseases\cropped_data\51..jpg
1,1,1,0,0,1,0,0,0,0,0,0,1,0,0,0,0,0,0,0,0,0,0,0,0,0,0,0,0,0,0,0,diseases\cropped_data\52..jpg,1,diseases\cropped_data\52..jpg
1,1,1,0,0,1,0,0,0,0,0,0,1,0,0,0,0,0,0,0,0,0,0,0,0,0,0,0,0,0,0,0,diseases\cropped_data\53..jpg,1,diseases\cropped_data\53..jpg
1,1,1,0,0,1,0,0,0,0,0,0,1,0,0,0,0,0,0,0,0,0,0,0,0,0,0,0,0,0,0,0,diseases\cropped_data\54..jpg,1,diseases\cropped_data\54..jpg
1,1,1,0,0,1,0,0,0,0,0,0,1,0,0,0,0,0,0,0,0,0,0,0,0,0,0,0,0,0,0,0,diseases\cropped_data\55..jpg,1,diseases\cropped_data\55..jpg
1,1,1,0,0,1,0,0,0,0,0,0,1,0,0,0,0,0,0,0,0,0,0,0,0,0,0,0,0,0,0,0,diseases\cropped_data\56..jpg,1,diseases\cropped_data\56..jpg
13,0,0,0,0,1,0,0,0,0,0,0,0,0,0,0,0,0,0,0,0,0,0,0,0,0,0,0,0,0,0,0,diseases\cropped_data\57..jpg,0,0
1,1,1,0,0,1,0,0,0,0,0,0,1,0,0,0,0,0,0,0,0,0,0,0,0,0,0,0,0,0,0,0,diseases\cropped_data\58..jpg,1,diseases\cropped_data\58..jpg
2,0,0,0,0,0,0,0,0,0,0,1,0,0,0,0,0,0,0,0,0,0,0,0,0,0,0,0,0,0,0,0,diseases\cropped_data\59..jpg,0,0
5,0,0,0,0,1,0,0,0,0,0,0,0,0,0,0,0,0,0,0,0,0,0,1,0,0,0,0,1,1,0,0,diseases\cropped_data\60..jpg,1,diseases\cropped_data\60..jpg
3,0,0,1,1,1,1,0,0,0,0,0,0,0,0,0,1,1,0,0,0,0,0,0,0,0,0,0,0,0,0,0,diseases\cropped_data\61..jpg,0,0
3,0,0,1,1,1,1,0,0,0,0,0,0,0,0,0,1,1,0,0,0,0,0,0,0,0,0,0,0,0,0,0,diseases\cropped_data\62..jpg,0,0
3,0,0,1,1,1,1,0,0,0,0,0,0,0,0,0,1,0,0,0,0,0,0,0,0,0,0,0,0,0,0,0,diseases\cropped_data\63..jpg,0,0
1,1,1,0,0,1,0,0,0,0,0,0,1,0,0,0,0,0,0,0,0,0,0,0,0,0,0,0,0,0,0,0,diseases\cropped_data\64..jpg,1,diseases\cropped_data\64..jpg
13,0,0,0,0,1,0,0,0,0,0,0,0,0,0,1,0,1,0,0,0,0,0,0,0,0,0,0,0,0,0,0,diseases\cropped_data\65..jpg,1,diseases\cropped_data\65..jpg
3,0,0,1,1,1,1,0,0,0,0,0,0,0,0,0,1,0,0,0,0,0,0,0,0,0,0,0,0,0,0,0,diseases\cropped_data\66..jpg,0,0
9,0,1,1,1,0,0,0,0,0,0,0,0,0,0,0,0,1,0,1,0,0,0,0,0,0,0,0,0,0,0,0,diseases\cropped_data\67..jpg,0,0
3,0,0,1,1,1,1,0,0,0,0,0,0,0,0,0,0,0,0,0,1,0,0,0,0,0,0,0,0,0,0,0,diseases\cropped_data\68..jpg,0,0
1,1,1,0,0,1,0,0,0,0,0,0,1,0,0,0,0,0,0,0,0,0,0,0,0,0,0,0,0,0,0,0,diseases\cropped_data\69..jpg,1,diseases\cropped_data\69..jpg
3,0,0,1,1,1,1,0,0,0,0,0,0,0,0,0,1,0,0,0,0,0,0,0,0,0,0,0,0,0,0,0,diseases\cropped_data\70..jpg,0,0
1,1,1,0,0,1,0,0,0,0,0,0,1,0,0,0,0,0,0,0,0,0,0,0,0,0,0,0,0,0,0,0,diseases\cropped_data\71..jpg,1,diseases\cropped_data\71..jpg
3,0,0,1,1,1,1,0,0,0,0,0,0,0,0,0,1,0,0,0,0,0,0,0,0,0,0,0,0,0,0,0,diseases\cropped_data\72..jpg,0,0
3,0,0,1,1,1,1,0,0,0,0,0,0,0,0,0,1,0,0,0,0,0,0,0,0,0,0,0,0,0,0,0,diseases\cropped_data\73..jpg,0,0
3,0,0,1,1,1,1,0,0,0,0,0,0,0,0,0,1,0,0,0,0,0,0,0,0,0,0,0,0,0,0,0,diseases\cropped_data\74..jpg,0,0
10,0,0,0,0,1,0,0,0,0,0,0,0,1,0,0,0,1,0,1,0,0,0,0,0,0,0,0,0,0,0,0,diseases\cropped_data\75..jpg,0,0
13,0,0,0,0,1,0,0,0,0,0,0,0,0,0,0,0,0,0,0,0,0,0,0,0,0,0,1,0,0,0,0,diseases\cropped_data\76..jpg,1,diseases\cropped_data\76..jpg
7,0,0,0,0,0,0,0,0,0,0,0,0,0,0,0,0,0,0,0,0,0,1,0,0,0,0,0,0,0,0,0,diseases\cropped_data\77..jpg,1,diseases\cropped_data\77..jpg
5,0,0,0,0,1,0,0,0,0,0,0,0,0,0,0,0,0,0,0,0,0,0,0,0,0,1,0,1,0,0,0,diseases\cropped_data\78..jpg,0,0
5,0,0,0,0,1,0,0,0,0,0,0,0,0,0,0,0,0,0,0,0,0,0,0,0,0,0,1,1,1,0,0,diseases\cropped_data\79..jpg,1,diseases\cropped_data\79..jpg
3,0,0,1,1,1,1,0,0,0,0,0,0,0,0,0,1,0,0,0,0,0,0,0,0,0,0,0,0,0,0,0,diseases\cropped_data\80..jpg,0,0
13,0,0,0,0,1,0,0,0,0,0,0,0,0,0,0,0,1,0,1,0,0,0,0,0,0,0,0,0,0,0,0,diseases\cropped_data\81..jpg,0,0
3,0,0,1,1,1,1,0,0,0,0,0,0,0,0,0,1,0,0,0,0,0,0,0,0,0,0,0,0,0,0,0,diseases\cropped_data\82..jpg,0,0
3,0,0,1,1,1,1,0,0,0,0,0,0,0,0,0,1,1,0,0,0,0,0,0,0,0,0,0,0,0,0,0,diseases\cropped_data\83..jpg,0,0
3,0,0,1,1,1,1,0,0,0,0,0,0,0,0,0,1,1,0,0,0,0,0,0,0,0,0,0,0,0,0,0,diseases\cropped_data\84..jpg,0,0
1,1,1,0,0,1,0,0,0,0,0,0,1,0,0,0,0,0,0,0,0,0,0,0,0,0,0,0,0,0,0,0,diseases\cropped_data\85..jpg,1,diseases\cropped_data\85..jpg
1,1,1,0,0,1,0,0,0,0,0,0,1,0,0,0,0,0,0,0,0,0,0,0,0,0,0,0,0,0,0,0,diseases\cropped_data\86..jpg,1,diseases\cropped_data\86..jpg
1,1,1,0,0,1,0,0,0,0,0,0,1,0,0,0,0,0,0,0,0,0,0,0,0,0,0,0,0,0,0,0,diseases\cropped_data\87..jpg,1,diseases\cropped_data\87..jpg
1,1,1,0,0,1,0,0,0,0,0,0,1,0,0,0,0,0,0,0,0,0,0,0,0,0,0,0,0,0,0,0,diseases\cropped_data\88..jpg,1,diseases\cropped_data\88..jpg
1,1,1,0,0,1,0,0,0,0,0,0,1,0,0,0,0,0,0,0,0,0,0,0,0,0,0,0,0,0,0,0,diseases\cropped_data\89..jpg,1,diseases\cropped_data\89..jpg
2,0,0,0,0,0,0,0,0,0,0,1,0,0,0,0,0,0,0,0,0,0,0,0,0,0,0,0,0,0,0,1,diseases\cropped_data\90..jpg,0,0
2,0,0,0,0,0,0,0,0,0,0,1,0,0,0,0,0,1,0,1,0,0,0,0,0,0,0,0,0,0,0,0,diseases\cropped_data\91..jpg,0,0
2,0,0,0,0,0,0,0,0,0,0,1,0,0,0,0,0,1,0,1,0,0,0,0,0,0,0,0,0,0,0,0,diseases\cropped_data\92..jpg,0,0
2,0,0,0,0,0,0,0,0,0,0,1,0,0,0,0,0,1,0,1,0,0,0,0,0,0,0,0,0,0,0,0,diseases\cropped_data\93..jpg,0,0
2,0,0,0,0,0,0,0,0,0,0,1,0,0,0,0,0,1,0,1,0,0,0,0,0,0,0,0,0,0,0,0,diseases\cropped_data\94..jpg,0,0
2,0,0,0,0,0,0,0,0,0,0,1,0,0,0,0,0,0,1,0,0,0,0,0,0,0,0,0,0,0,0,1,diseases\cropped_data\95..jpg,0,0
2,0,0,0,0,0,0,0,0,0,0,1,0,0,0,0,0,0,0,0,0,0,0,0,0,0,0,0,0,0,0,1,diseases\cropped_data\96..jpg,0,0
13,0,0,0,0,1,0,0,0,0,0,0,0,0,0,0,0,1,0,0,0,0,0,0,0,0,0,0,0,0,0,0,diseases\cropped_data\97..jpg,0,0
10,0,0,0,0,1,0,0,0,0,0,0,0,1,0,0,0,1,0,0,0,0,0,0,0,0,0,0,0,0,0,0,diseases\cropped_data\98..jpg,0,0
6,1,0,0,0,1,0,1,0,0,0,0,0,0,0,0,0,0,0,0,0,1,0,0,0,0,0,0,0,0,0,0,diseases\cropped_data\99..jpg,0,0
3,0,0,1,1,1,1,0,0,0,0,0,0,0,0,0,0,1,0,0,1,0,0,0,0,0,0,0,0,0,0,0,diseases\cropped_data\100..jpg,0,0
4,1,0,0,0,1,0,1,0,0,0,0,0,0,0,0,0,0,1,0,0,0,0,0,0,0,0,0,0,0,0,0,diseases\cropped_data\102..jpg,0,0
1,1,1,0,0,1,0,0,0,0,0,0,1,0,0,0,0,0,0,0,0,0,0,0,0,0,0,0,0,0,0,0,diseases\cropped_data\103..jpg,1,diseases\cropped_data\103..jpg
10,0,0,0,0,1,0,0,0,0,0,0,0,0,1,0,0,0,0,0,0,0,0,1,0,0,0,0,0,0,0,0,diseases\cropped_data\104..jpg,2,diseases\cropped_data\104..jpg
4,1,0,0,0,1,0,1,0,0,0,0,0,0,0,0,0,0,1,0,0,0,0,0,0,0,0,0,0,0,0,0,diseases\cropped_data\105..jpg,0,0
7,0,0,0,0,0,0,0,0,0,0,0,0,0,0,0,0,0,0,0,0,0,1,0,0,0,0,0,0,0,0,0,diseases\cropped_data\106..jpg,1,diseases\cropped_data\106..jpg
1,1,1,0,0,1,0,0,0,0,0,0,1,0,0,0,0,0,0,0,0,0,0,0,0,0,0,0,0,0,0,0,diseases\cropped_data\107..jpg,1,diseases\cropped_data\107..jpg
2,0,0,0,0,0,0,0,0,0,0,1,0,0,0,0,0,0,0,0,0,0,0,0,0,0,0,0,0,0,0,1,diseases\cropped_data\108..jpg,0,0
3,0,0,1,1,1,1,0,0,0,0,0,0,0,0,0,1,0,0,0,0,0,0,0,0,0,0,0,0,0,0,0,diseases\cropped_data\109..jpg,0,0
13,0,0,0,0,1,0,0,0,0,0,0,0,0,0,1,0,1,0,0,0,0,0,0,0,0,1,0,0,0,0,0,diseases\cropped_data\110..jpg,1,diseases\cropped_data\110..jpg
1,1,1,0,0,1,0,0,0,0,0,0,0,0,0,0,1,0,0,0,0,0,0,0,0,0,0,0,0,0,0,0,diseases\cropped_data\111..jpg,0,0
5,0,0,0,0,1,0,0,0,0,0,0,0,0,0,0,0,0,0,0,0,0,0,0,0,0,1,0,0,0,0,0,diseases\cropped_data\112..jpg,0,0
5,0,0,0,0,1,0,0,0,0,0,0,0,0,0,0,0,0,0,0,0,0,0,0,0,0,0,0,1,1,0,0,diseases\cropped_data\113..jpg,0,0
5,0,0,0,0,1,0,0,0,0,0,0,0,0,0,0,0,0,0,0,0,0,0,0,1,0,0,0,1,0,0,0,diseases\cropped_data\114..jpg,0,0
1,1,1,0,0,1,0,0,0,0,0,0,1,0,0,0,0,0,0,0,0,0,0,0,0,0,0,0,0,0,0,0,diseases\cropped_data\115..jpg,1,diseases\cropped_data\115..jpg
3,0,0,1,1,1,1,0,0,0,0,0,0,0,0,0,1,0,0,0,0,0,0,0,0,0,0,0,0,0,0,0,diseases\cropped_data\116..jpg,0,0
1,1,1,0,0,1,0,0,0,0,0,0,1,0,0,0,0,0,0,0,0,0,0,0,0,0,0,0,0,0,0,0,diseases\cropped_data\117..jpg,1,diseases\cropped_data\117..jpg
1,1,1,0,0,1,0,0,0,0,0,0,1,0,0,0,0,0,0,0,0,0,0,1,0,0,0,0,0,0,0,0,diseases\cropped_data\118..jpg,2,diseases\cropped_data\118..jpg
1,1,1,0,0,1,0,0,0,0,0,0,1,0,0,0,0,0,0,0,0,0,0,0,0,0,0,0,0,0,0,0,diseases\cropped_data\119..jpg,1,diseases\cropped_data\119..jpg
1,1,1,0,0,1,0,0,0,0,0,0,1,0,0,0,0,0,0,0,0,0,0,0,0,0,0,0,0,0,0,0,diseases\cropped_data\120..jpg,1,diseases\cropped_data\120..jpg
1,1,1,0,0,1,0,0,0,0,0,0,1,0,0,0,0,0,0,0,0,0,0,0,0,0,1,0,0,0,0,0,diseases\cropped_data\121..jpg,1,diseases\cropped_data\121..jpg
1,1,1,0,0,1,0,0,0,0,0,0,1,0,0,0,0,0,0,0,0,0,0,0,0,0,0,0,0,0,0,0,diseases\cropped_data\122..jpg,1,diseases\cropped_data\122..jpg
1,1,1,0,0,1,0,0,0,0,0,0,1,0,0,0,0,0,0,0,0,0,0,0,0,0,0,0,0,0,0,0,diseases\cropped_data\123..jpg,1,diseases\cropped_data\123..jpg
1,1,1,0,0,1,0,0,0,0,0,0,1,0,0,0,0,0,0,0,0,0,0,0,0,0,0,0,0,0,0,0,diseases\cropped_data\124..jpg,1,diseases\cropped_data\124..jpg
1,1,1,0,0,1,0,0,0,0,0,0,1,0,0,0,0,0,0,0,0,0,0,0,0,0,0,0,0,0,0,0,diseases\cropped_data\125..jpg,1,diseases\cropped_data\125..jpg
4,1,0,0,0,1,0,1,0,0,0,0,0,0,0,0,0,0,1,0,0,0,0,1,0,0,0,0,0,0,0,0,diseases\cropped_data\126..jpg,1,diseases\cropped_data\126..jpg
10,0,0,0,0,1,0,0,0,0,0,0,0,0,0,0,0,1,0,1,0,0,0,1,0,0,0,0,0,0,0,0,diseases\cropped_data\127..jpg,1,diseases\cropped_data\127..jpg
4,1,0,0,0,1,0,1,0,0,0,0,0,0,0,0,0,0,1,0,0,0,0,0,0,0,0,1,0,0,0,0,diseases\cropped_data\128..jpg,1,diseases\cropped_data\128..jpg
4,1,0,0,0,1,0,1,0,0,0,0,0,0,0,0,0,0,1,0,0,0,0,0,0,0,0,0,0,0,0,0,diseases\cropped_data\129..jpg,0,0
4,1,0,0,0,1,0,1,0,0,0,0,0,0,0,0,0,0,1,0,0,0,0,0,0,0,0,0,0,0,0,0,diseases\cropped_data\130..jpg,0,0
9,0,1,1,1,0,0,0,0,0,0,0,0,0,0,0,0,1,0,0,0,0,0,0,0,0,0,0,0,0,0,0,diseases\cropped_data\131..jpg,0,0
1,1,1,0,0,1,0,0,0,0,0,0,1,0,0,0,0,1,0,0,0,0,0,0,0,0,0,0,0,0,0,0,diseases\cropped_data\132..jpg,1,diseases\cropped_data\132..jpg
2,0,0,0,0,0,0,0,0,0,0,1,0,0,0,0,0,0,0,0,0,0,0,0,0,0,0,0,0,0,0,0,diseases\cropped_data\134..jpg,0,0
4,1,0,0,0,1,0,1,0,0,0,0,0,0,0,0,0,0,1,0,0,0,0,0,0,0,0,0,0,0,0,0,diseases\cropped_data\135..jpg,0,0
4,1,0,0,0,1,0,1,0,0,0,0,0,0,0,0,0,0,1,0,0,0,0,0,0,0,0,0,0,0,0,0,diseases\cropped_data\136..jpg,0,0
4,1,0,0,0,1,0,1,0,0,0,0,0,0,0,0,0,0,1,0,0,0,0,0,0,0,0,0,0,0,0,0,diseases\cropped_data\137..jpg,0,0
5,0,0,0,0,1,0,0,0,0,0,0,0,0,0,0,0,0,0,0,0,0,0,0,1,0,0,0,0,0,0,0,diseases\cropped_data\138..jpg,0,0
1,1,1,0,0,1,0,0,0,0,0,0,1,0,0,0,0,0,0,0,0,0,0,0,0,0,0,0,0,0,0,0,diseases\cropped_data\139..jpg,1,diseases\cropped_data\139..jpg
1,1,1,0,0,1,0,0,0,0,0,0,1,0,0,0,0,0,0,0,0,0,0,0,0,0,0,0,0,0,0,0,diseases\cropped_data\140..jpg,1,diseases\cropped_data\140..jpg
1,1,1,0,0,1,0,0,0,0,0,0,1,0,0,0,0,0,0,0,0,0,0,0,0,0,0,0,0,0,0,0,diseases\cropped_data\141..jpg,1,diseases\cropped_data\141..jpg
1,1,1,0,0,1,0,0,0,0,0,0,1,0,0,0,0,0,0,0,0,0,0,0,0,0,0,0,0,0,0,0,diseases\cropped_data\142..jpg,1,diseases\cropped_data\142..jpg
5,0,0,0,0,1,0,0,0,0,0,0,0,0,0,0,0,0,0,0,0,0,0,0,0,0,0,0,1,1,0,0,diseases\cropped_data\143..jpg,0,0
13,0,0,0,0,1,0,0,0,0,0,0,0,0,0,0,0,1,0,0,0,0,0,0,0,0,0,0,0,0,1,0,diseases\cropped_data\144..jpg,0,0
13,0,0,0,0,1,0,0,0,0,0,0,0,0,0,0,0,1,0,0,0,0,0,0,0,0,0,0,0,0,1,0,diseases\cropped_data\145..jpg,0,0
1,1,1,0,0,1,0,0,0,0,0,0,1,0,1,0,0,0,0,0,0,0,0,0,0,0,0,0,0,0,0,0,diseases\cropped_data\146..jpg,2,diseases\cropped_data\146..jpg
1,1,1,0,0,1,0,0,0,0,0,0,1,0,1,0,0,0,0,0,0,0,0,0,0,0,0,0,0,0,0,0,diseases\cropped_data\147..jpg,2,diseases\cropped_data\147..jpg
2,0,0,0,0,0,0,0,0,0,0,1,0,0,0,0,0,0,0,0,0,0,0,0,0,0,0,0,0,0,0,0,diseases\cropped_data\148..jpg,0,0
2,0,0,0,0,0,0,0,0,0,0,1,0,0,0,0,0,0,0,0,0,0,0,0,0,0,0,0,0,0,0,0,diseases\cropped_data\149..jpg,0,0
7,0,0,0,0,0,0,0,0,0,0,0,0,0,0,0,0,0,0,0,0,0,1,0,0,0,1,0,0,0,0,1,diseases\cropped_data\150..jpg,1,diseases\cropped_data\150..jpg
7,0,0,0,0,0,0,0,0,0,0,0,0,0,0,0,0,0,0,0,0,0,1,0,0,0,0,0,0,0,0,1,diseases\cropped_data\151..jpg,1,diseases\cropped_data\151..jpg
7,0,0,0,0,0,0,0,0,0,0,0,0,0,0,0,0,0,0,0,0,0,1,0,0,0,0,0,0,0,0,0,diseases\cropped_data\152..jpg,1,diseases\cropped_data\152..jpg
7,0,0,0,0,0,0,0,0,0,0,0,0,0,0,0,0,0,0,0,0,0,1,0,0,0,0,0,0,0,0,1,diseases\cropped_data\153..jpg,1,diseases\cropped_data\153..jpg
1,1,1,0,0,1,0,0,0,0,0,0,1,0,0,0,0,0,0,0,0,0,0,0,0,0,0,0,0,0,0,0,diseases\cropped_data\154..jpg,1,diseases\cropped_data\154..jpg
1,1,1,0,0,1,0,0,0,0,0,0,1,0,0,0,0,0,0,0,0,0,0,0,0,0,0,0,0,0,0,0,diseases\cropped_data\155..jpg,1,diseases\cropped_data\155..jpg
4,1,0,0,0,1,0,1,0,0,0,0,0,0,0,0,0,0,1,0,0,0,0,0,0,0,0,0,0,0,0,0,diseases\cropped_data\156..jpg,0,0
4,1,0,0,0,1,0,1,0,0,0,0,0,0,0,0,0,0,1,0,0,0,0,0,0,0,0,0,0,0,0,0,diseases\cropped_data\157..jpg,0,0
4,1,0,0,0,1,0,1,0,0,0,0,0,0,0,0,0,0,1,0,0,0,0,0,0,0,0,1,0,0,0,0,diseases\cropped_data\158..jpg,1,diseases\cropped_data\158..jpg
1,1,1,0,0,1,0,0,0,0,0,0,1,0,0,0,0,0,0,0,0,0,0,0,0,0,0,0,0,0,0,0,diseases\cropped_data\159..jpg,1,diseases\cropped_data\159..jpg
1,1,1,0,0,1,0,0,0,0,0,0,1,0,0,0,0,0,0,0,0,0,0,0,0,0,0,0,0,0,0,0,diseases\cropped_data\160..jpg,1,diseases\cropped_data\160..jpg
7,0,0,0,0,0,0,0,0,0,0,0,0,0,0,0,0,0,0,0,0,0,1,0,0,0,0,0,0,0,0,0,diseases\cropped_data\161..jpg,1,diseases\cropped_data\161..jpg
7,0,0,0,0,0,0,0,0,0,0,0,0,0,0,0,0,0,0,0,0,0,1,0,0,0,0,0,0,0,0,0,diseases\cropped_data\162..jpg,1,diseases\cropped_data\162..jpg
1,1,1,0,0,1,0,0,0,0,0,0,1,0,0,0,0,0,0,0,0,0,0,0,0,0,0,0,0,0,0,0,diseases\cropped_data\163..jpg,1,diseases\cropped_data\163..jpg
1,1,1,0,0,1,0,0,0,0,0,0,0,0,0,0,0,0,1,0,0,0,0,0,0,0,0,0,0,0,0,0,diseases\cropped_data\164..jpg,0,0
7,0,0,0,0,0,0,0,0,0,0,0,0,0,0,0,0,0,0,0,0,0,1,1,0,0,0,0,0,0,0,0,diseases\cropped_data\165..jpg,2,diseases\cropped_data\165..jpg
2,0,0,0,0,0,0,0,0,0,0,1,0,0,0,0,0,0,0,1,0,0,0,0,0,0,0,0,0,0,0,1,diseases\cropped_data\166..jpg,0,0
2,0,0,0,0,0,0,0,0,0,0,1,0,0,0,0,0,0,0,0,0,0,0,0,0,0,0,0,0,0,0,0,diseases\cropped_data\167..jpg,0,0
2,0,0,0,0,0,0,0,0,0,0,1,0,0,0,0,0,0,0,0,0,0,0,0,0,0,0,0,0,0,0,0,diseases\cropped_data\168..jpg,0,0
2,0,0,0,0,0,0,0,0,0,0,1,0,0,0,0,0,0,0,0,0,0,0,0,0,0,0,0,0,0,0,1,diseases\cropped_data\169..jpg,0,0
13,0,0,0,0,1,0,0,0,0,0,0,0,0,0,0,0,1,0,0,0,0,0,1,0,0,0,0,0,0,0,0,diseases\cropped_data\170..jpg,1,diseases\cropped_data\170..jpg
10,0,0,0,0,1,0,0,0,0,0,0,0,0,0,0,0,0,0,0,0,0,0,1,0,0,0,0,0,0,0,0,diseases\cropped_data\171..jpg,1,diseases\cropped_data\171..jpg
13,0,0,0,0,1,0,0,0,0,0,0,0,0,0,1,0,0,0,1,0,0,0,0,0,0,0,0,0,0,0,0,diseases\cropped_data\172..jpg,1,diseases\cropped_data\172..jpg
6,1,0,0,0,1,0,1,0,0,0,0,0,0,0,0,0,0,0,0,0,1,0,0,0,0,0,0,0,0,0,0,diseases\cropped_data\173..jpg,0,0
1,1,1,0,0,1,0,0,0,0,0,0,1,0,0,0,0,0,0,0,0,0,0,0,0,0,0,0,0,0,0,0,diseases\cropped_data\175..jpg,1,diseases\cropped_data\175..jpg
1,1,1,0,0,1,0,0,0,0,0,0,1,0,0,0,0,0,0,0,0,0,0,0,0,0,0,0,0,0,0,0,diseases\cropped_data\176..jpg,1,diseases\cropped_data\176..jpg
1,1,1,0,0,1,0,0,0,0,0,0,1,0,0,0,0,0,0,0,0,0,0,0,0,0,0,0,0,0,0,0,diseases\cropped_data\177..jpg,1,diseases\cropped_data\177..jpg
3,0,0,1,1,1,1,0,0,0,0,0,0,0,0,0,0,0,0,0,1,0,0,0,0,0,0,0,0,0,0,0,diseases\cropped_data\178..jpg,0,0
3,0,0,1,1,1,1,0,0,0,0,0,0,0,0,0,0,0,0,0,1,0,0,0,0,0,0,0,0,0,0,0,diseases\cropped_data\179..jpg,0,0
7,0,0,0,0,0,0,0,0,0,0,0,0,0,0,0,0,0,0,0,0,0,1,1,0,0,0,0,0,0,0,0,diseases\cropped_data\180..jpg,2,diseases\cropped_data\180..jpg
7,0,0,0,0,0,0,0,0,0,0,0,0,0,0,0,0,0,0,0,0,0,1,1,0,0,0,0,0,0,0,0,diseases\cropped_data\181..jpg,2,diseases\cropped_data\181..jpg
5,0,0,0,0,1,0,0,0,0,0,0,0,0,0,0,0,0,0,0,0,0,0,0,0,0,1,0,0,0,0,0,diseases\cropped_data\182..jpg,0,0
10,0,0,0,0,1,0,0,0,0,0,0,0,0,1,0,0,0,0,0,0,0,0,1,0,0,0,0,0,0,0,0,diseases\cropped_data\183..jpg,2,diseases\cropped_data\183..jpg
10,0,0,0,0,1,0,0,0,0,0,0,0,0,1,0,0,0,0,0,0,0,0,1,0,0,0,0,0,0,0,0,diseases\cropped_data\184..jpg,2,diseases\cropped_data\184..jpg
10,0,0,0,0,1,0,0,0,0,0,0,0,0,1,0,0,0,0,0,0,0,0,1,0,0,0,0,0,0,0,0,diseases\cropped_data\185..jpg,2,diseases\cropped_data\185..jpg
10,0,0,0,0,1,0,0,0,0,0,0,0,0,1,0,0,0,0,0,0,0,0,1,0,0,0,0,0,0,0,0,diseases\cropped_data\186..jpg,2,diseases\cropped_data\186..jpg
1,1,1,0,0,1,0,0,0,0,0,0,1,0,0,0,0,0,0,0,0,0,0,0,0,0,0,0,0,0,0,0,diseases\cropped_data\187..jpg,1,diseases\cropped_data\187..jpg
1,1,1,0,0,1,0,0,0,0,0,0,1,0,0,0,0,0,0,0,0,0,0,0,0,0,0,0,0,0,0,0,diseases\cropped_data\188..jpg,1,diseases\cropped_data\188..jpg
2,0,0,0,0,0,0,0,0,0,0,1,0,0,0,0,0,0,0,0,0,0,0,0,0,0,0,0,0,0,0,1,diseases\cropped_data\189..jpg,0,0
6,1,0,0,0,1,0,1,0,0,0,0,0,0,0,0,0,0,0,0,0,1,0,0,0,0,0,1,0,0,0,0,diseases\cropped_data\190..jpg,1,diseases\cropped_data\190..jpg
6,1,0,0,0,1,0,1,0,0,0,0,0,0,0,0,0,0,0,0,0,1,0,0,0,0,0,1,0,0,0,0,diseases\cropped_data\191..jpg,1,diseases\cropped_data\191..jpg
6,1,0,0,0,1,0,1,0,0,0,0,0,0,0,0,0,0,0,0,0,1,0,0,0,0,0,0,0,0,0,0,diseases\cropped_data\192..jpg,0,0
6,1,0,0,0,1,0,1,0,0,0,0,0,0,0,0,0,0,0,0,0,1,0,0,0,0,0,1,0,0,0,0,diseases\cropped_data\193..jpg,1,diseases\cropped_data\193..jpg
10,0,0,0,0,1,0,0,0,0,0,0,0,1,0,0,0,1,0,0,0,0,0,1,0,0,0,0,0,0,0,0,diseases\cropped_data\194..jpg,1,diseases\cropped_data\194..jpg
10,0,0,0,0,1,0,0,0,0,0,0,0,1,0,0,0,1,0,0,0,0,0,1,0,0,0,0,0,0,0,0,diseases\cropped_data\195..jpg,1,diseases\cropped_data\195..jpg
10,0,0,0,0,1,0,0,0,0,0,0,0,1,0,1,0,0,0,0,0,0,0,0,0,0,0,0,0,0,0,0,diseases\cropped_data\196..jpg,1,diseases\cropped_data\196..jpg
10,0,0,0,0,1,0,0,0,0,0,0,0,1,0,1,0,0,0,0,0,0,0,0,0,0,0,0,0,0,0,0,diseases\cropped_data\197..jpg,1,diseases\cropped_data\197..jpg
2,0,0,0,0,0,0,0,0,0,0,1,0,0,0,0,0,0,0,0,0,0,0,0,0,0,0,1,0,0,0,0,diseases\cropped_data\198..jpg,1,diseases\cropped_data\198..jpg
5,0,0,0,0,1,0,0,0,0,0,0,0,0,0,0,0,0,0,0,0,0,0,0,0,0,0,1,0,0,0,0,diseases\cropped_data\200..jpg,1,diseases\cropped_data\200..jpg
5,0,0,0,0,1,0,0,0,0,0,0,0,0,0,0,0,0,0,0,0,0,0,0,0,0,0,1,0,0,0,0,diseases\cropped_data\201..jpg,1,diseases\cropped_data\201..jpg
6,1,0,0,0,1,0,1,0,0,0,0,0,0,0,0,0,0,0,0,0,1,0,0,0,0,0,0,0,0,0,0,diseases\cropped_data\202..jpg,0,0
6,1,0,0,0,1,0,1,0,0,0,0,0,0,0,0,0,0,0,0,0,1,1,1,0,0,0,0,0,0,0,0,diseases\cropped_data\203..jpg,2,diseases\cropped_data\203..jpg
6,1,0,0,0,1,0,1,0,0,0,0,0,0,0,0,0,0,0,0,0,1,1,1,0,0,0,0,0,0,0,0,diseases\cropped_data\204..jpg,2,diseases\cropped_data\204..jpg
6,1,0,0,0,1,0,1,0,0,0,0,0,0,0,0,0,0,0,0,0,1,1,0,0,0,0,0,0,0,0,0,diseases\cropped_data\205..jpg,1,diseases\cropped_data\205..jpg
6,1,0,0,0,1,0,1,0,0,0,0,0,0,0,0,0,0,0,0,0,1,1,0,0,0,0,0,0,0,0,0,diseases\cropped_data\206..jpg,1,diseases\cropped_data\206..jpg
1,1,1,0,0,1,0,0,0,0,0,0,1,0,0,0,0,0,0,0,0,0,0,0,0,0,0,0,0,0,0,0,diseases\cropped_data\207..jpg,1,diseases\cropped_data\207..jpg
10,0,0,0,0,1,0,0,0,0,0,0,0,0,0,0,0,0,0,0,0,0,0,1,0,0,0,0,0,0,0,0,diseases\cropped_data\208..jpg,1,diseases\cropped_data\208..jpg
4,1,0,0,0,1,0,1,0,0,0,0,0,0,0,0,0,0,1,0,0,0,0,0,0,0,0,0,0,0,0,0,diseases\cropped_data\209..jpg,0,0
7,0,0,0,0,0,0,0,0,0,0,0,0,0,0,0,0,0,0,0,0,0,1,0,0,0,0,0,0,0,0,0,diseases\cropped_data\210..jpg,1,diseases\cropped_data\210..jpg
5,0,0,0,0,1,0,0,0,0,0,0,0,0,0,0,0,0,0,0,0,0,0,0,0,0,0,0,1,1,0,0,diseases\cropped_data\211..jpg,0,0
2,0,0,0,0,0,0,0,0,0,0,1,0,0,0,0,0,0,0,0,0,0,0,0,0,0,0,0,0,0,0,0,diseases\cropped_data\212..jpg,0,0
3,0,0,1,1,1,1,0,0,0,0,0,0,0,0,0,0,0,0,0,1,0,0,0,0,0,0,0,0,0,0,0,diseases\cropped_data\213..jpg,0,0
3,0,0,1,1,1,1,0,0,0,0,0,0,0,0,0,1,0,0,0,0,0,0,0,0,0,0,0,0,0,0,0,diseases\cropped_data\214..jpg,0,0
9,0,1,1,1,0,0,0,0,0,0,0,0,0,0,0,0,1,0,1,0,0,0,0,0,0,0,0,0,0,0,0,diseases\cropped_data\215..jpg,0,0
9,0,1,1,1,0,0,0,0,0,0,0,0,0,0,0,0,1,0,1,0,0,0,0,0,0,0,0,0,0,0,0,diseases\cropped_data\216..jpg,0,0
9,0,1,1,1,0,0,0,0,0,0,0,0,0,0,0,0,1,0,1,0,0,0,0,0,0,0,0,0,0,0,0,diseases\cropped_data\217..jpg,0,0
9,0,1,1,1,0,0,0,0,0,0,0,0,0,0,0,0,1,0,0,0,0,0,0,0,0,0,0,0,0,0,0,diseases\cropped_data\218..jpg,0,0
9,0,1,1,1,0,0,0,0,0,0,0,0,0,0,0,0,1,0,1,0,0,0,0,0,0,0,0,0,0,0,0,diseases\cropped_data\219..jpg,0,0
1,1,1,0,0,1,0,0,0,0,0,0,1,0,0,0,0,0,0,0,0,0,0,0,0,0,0,0,0,0,0,0,diseases\cropped_data\220..jpg,1,diseases\cropped_data\220..jpg
1,1,1,0,0,1,0,0,0,0,0,0,1,0,0,0,0,0,0,0,0,0,0,0,0,0,0,0,0,0,0,0,diseases\cropped_data\221..jpg,1,diseases\cropped_data\221..jpg
1,1,1,0,0,1,0,0,0,0,0,0,1,0,0,0,0,0,0,0,0,0,0,0,0,0,0,0,0,0,0,0,diseases\cropped_data\222..jpg,1,diseases\cropped_data\222..jpg
1,1,1,0,0,1,0,0,0,0,0,0,1,0,0,0,0,0,0,0,0,0,0,0,0,0,0,0,0,0,0,0,diseases\cropped_data\223..jpg,1,diseases\cropped_data\223..jpg
1,1,1,0,0,1,0,0,0,0,0,0,1,0,0,0,0,0,0,0,0,0,0,0,0,0,0,0,0,0,0,0,diseases\cropped_data\224..jpg,1,diseases\cropped_data\224..jpg
1,1,1,0,0,1,0,0,0,0,0,0,1,0,0,0,0,0,0,0,0,0,0,0,0,0,0,0,0,0,0,0,diseases\cropped_data\225..jpg,1,diseases\cropped_data\225..jpg
2,0,0,0,0,0,0,0,0,0,0,1,0,0,0,0,0,0,0,0,0,0,0,0,0,0,0,0,0,0,0,0,diseases\cropped_data\226..jpg,0,0
3,0,0,1,1,1,1,0,0,0,0,0,0,0,0,0,1,0,0,0,0,0,0,0,0,0,0,0,0,0,0,0,diseases\cropped_data\227..jpg,0,0
10,0,0,0,0,1,0,0,0,0,0,0,0,0,0,0,0,1,0,0,0,0,0,0,0,0,0,0,0,0,0,0,diseases\cropped_data\228..jpg,0,0
10,0,0,0,0,1,0,0,0,0,0,0,0,0,0,0,0,1,0,1,0,0,0,0,0,0,0,0,0,0,0,0,diseases\cropped_data\229..jpg,0,0
13,0,0,0,0,1,0,0,0,0,0,0,0,0,0,0,0,0,0,1,0,0,0,1,0,0,0,0,0,0,0,0,diseases\cropped_data\230..jpg,1,diseases\cropped_data\230..jpg
1,1,1,0,0,1,0,0,0,0,0,0,1,0,0,0,0,0,0,0,0,0,0,0,0,0,0,0,0,0,0,0,diseases\cropped_data\231..jpg,1,diseases\cropped_data\231..jpg
5,0,0,0,0,1,0,0,0,0,0,0,0,0,0,0,0,0,0,0,0,0,0,0,0,0,0,0,0,1,0,0,diseases\cropped_data\232..jpg,0,0
2,0,0,0,0,0,0,0,0,0,0,1,0,0,0,0,0,0,0,0,0,0,0,0,0,0,0,0,0,0,0,0,diseases\cropped_data\233..jpg,0,0
3,0,0,1,1,1,1,0,0,0,0,0,0,0,0,0,0,1,0,0,1,0,0,0,0,0,0,0,0,0,0,0,diseases\cropped_data\234..jpg,0,0
9,0,1,1,1,0,0,0,0,0,0,0,0,0,0,0,0,1,1,0,0,0,0,0,0,0,0,0,0,0,0,0,diseases\cropped_data\235..jpg,0,0
9,0,1,1,1,0,0,0,0,0,0,0,0,0,0,0,0,1,1,0,0,0,0,0,0,0,0,0,0,0,0,0,diseases\cropped_data\236..jpg,0,0
9,0,1,1,1,0,0,0,0,0,0,0,0,0,0,0,0,1,1,0,0,0,0,0,0,0,0,0,0,0,0,0,diseases\cropped_data\237..jpg,0,0
9,0,1,1,1,0,0,0,0,0,0,0,0,0,0,0,0,1,1,0,0,0,0,0,0,0,0,0,0,0,0,0,diseases\cropped_data\238..jpg,0,0
5,0,0,0,0,1,0,0,0,0,0,0,0,0,0,0,0,0,0,0,0,0,0,1,0,0,0,1,0,1,0,0,diseases\cropped_data\239..jpg,2,diseases\cropped_data\239..jpg
4,1,0,0,0,1,0,1,0,0,0,0,0,0,0,0,0,0,1,0,0,0,0,0,0,0,0,0,0,0,0,0,diseases\cropped_data\240..jpg,0,0
4,1,0,0,0,1,0,1,0,0,0,0,0,0,0,0,0,0,1,0,0,0,0,0,0,0,0,0,0,0,0,0,diseases\cropped_data\241..jpg,0,0
1,1,1,0,0,1,0,0,0,0,0,0,1,0,0,0,0,1,0,0,0,0,0,0,0,0,0,0,0,0,0,0,diseases\cropped_data\242..jpg,1,diseases\cropped_data\242..jpg
1,1,1,0,0,1,0,0,0,0,0,0,1,0,0,0,0,1,0,0,0,0,0,0,0,0,0,0,0,0,0,0,diseases\cropped_data\243..jpg,1,diseases\cropped_data\243..jpg
9,0,1,1,1,0,0,0,0,0,0,0,0,0,0,0,0,1,0,0,0,0,0,0,0,0,0,0,0,0,0,0,diseases\cropped_data\244..jpg,0,0
13,0,0,0,0,1,0,0,0,0,0,0,0,0,0,0,0,0,0,1,0,0,0,0,0,0,1,0,0,0,0,0,diseases\cropped_data\245..jpg,0,0
12,0,0,0,0,0,0,1,1,0,0,0,0,0,0,0,0,0,0,0,0,0,0,0,0,0,0,0,0,0,0,0,diseases\cropped_data\246..jpg,0,0
12,0,0,0,0,0,0,1,1,0,0,0,0,0,0,0,0,0,0,0,0,0,0,0,0,0,0,0,0,0,0,0,diseases\cropped_data\247..jpg,0,0
14,0,0,0,0,0,0,0,0,0,0,0,0,0,0,0,0,0,1,0,1,0,0,0,0,0,0,0,0,0,0,0,diseases\cropped_data\248..jpg,0,0
14,0,0,0,0,0,0,0,0,0,0,0,0,0,0,0,0,0,1,0,1,0,0,0,0,0,0,0,0,0,0,0,diseases\cropped_data\249..jpg,0,0
14,0,0,0,0,0,0,0,0,0,0,0,0,0,0,0,0,0,1,0,1,0,0,0,0,0,0,0,0,0,0,0,diseases\cropped_data\250..jpg,0,0
14,0,0,0,0,0,0,0,0,0,0,0,0,0,0,0,0,0,1,0,1,0,0,0,0,0,0,0,0,0,0,0,diseases\cropped_data\251..jpg,0,0
1,1,1,0,0,1,0,0,0,0,0,0,1,0,0,0,0,0,0,0,0,0,0,0,0,0,0,0,0,0,0,0,diseases\cropped_data\252..jpg,1,diseases\cropped_data\252..jpg
7,0,0,0,0,0,0,0,0,0,0,0,0,0,0,0,0,0,0,0,1,0,1,0,0,0,0,0,0,0,0,0,diseases\cropped_data\253..jpg,1,diseases\cropped_data\253..jpg
1,1,1,0,0,1,0,0,0,0,0,0,1,0,0,0,0,0,0,0,0,0,0,0,0,0,0,0,0,0,0,0,diseases\cropped_data\254..jpg,1,diseases\cropped_data\254..jpg
1,1,1,0,0,1,0,0,0,0,0,0,1,0,0,0,0,0,0,0,0,0,0,0,0,0,0,0,0,0,0,0,diseases\cropped_data\255..jpg,1,diseases\cropped_data\255..jpg
7,0,0,0,0,0,0,0,0,0,0,0,0,0,0,0,0,0,0,0,0,0,1,0,0,0,0,0,0,0,0,0,diseases\cropped_data\256..jpg,1,diseases\cropped_data\256..jpg
7,0,0,0,0,0,0,0,0,0,0,0,0,0,0,0,0,1,0,1,0,0,1,0,0,0,0,0,0,0,0,0,diseases\cropped_data\257..jpg,1,diseases\cropped_data\257..jpg
7,0,0,0,0,0,0,0,0,0,0,0,0,0,0,0,0,0,0,0,0,0,1,0,0,0,0,0,0,0,0,0,diseases\cropped_data\258..jpg,1,diseases\cropped_data\258..jpg
7,0,0,0,0,0,0,0,0,0,0,0,0,0,0,0,0,0,0,0,0,0,1,0,0,0,0,0,0,0,0,0,diseases\cropped_data\259..jpg,1,diseases\cropped_data\259..jpg
7,0,0,0,0,0,0,0,0,0,0,0,0,0,0,0,0,0,0,0,0,0,1,0,0,0,0,0,0,0,0,0,diseases\cropped_data\260..jpg,1,diseases\cropped_data\260..jpg
6,1,0,0,0,1,0,1,0,0,0,0,0,0,0,0,0,0,0,0,0,1,0,0,0,0,0,0,0,0,0,0,diseases\cropped_data\261..jpg,0,0
5,0,0,0,0,1,0,0,0,0,0,0,0,0,0,0,0,0,0,0,0,0,0,1,0,0,0,0,1,0,0,0,diseases\cropped_data\262..jpg,1,diseases\cropped_data\262..jpg
5,0,0,0,0,1,0,0,0,0,0,0,0,0,0,0,0,0,0,0,0,0,0,1,0,0,1,0,0,0,0,0,diseases\cropped_data\263..jpg,1,diseases\cropped_data\263..jpg
10,0,0,0,0,1,0,0,0,0,0,0,0,1,0,0,0,1,0,1,0,0,0,0,0,0,0,0,0,0,1,0,diseases\cropped_data\264..jpg,0,0
4,1,0,0,0,1,0,1,0,0,0,0,0,0,0,0,0,0,1,0,0,0,0,0,0,0,0,1,1,1,0,0,diseases\cropped_data\265..jpg,1,diseases\cropped_data\265..jpg
12,0,0,0,0,0,0,1,1,0,0,0,0,0,0,0,0,0,0,0,0,0,0,0,0,0,0,0,0,0,0,0,diseases\cropped_data\266..jpg,0,0
12,0,0,0,0,0,0,1,1,0,0,0,0,0,0,0,0,0,0,0,0,0,0,0,0,0,0,0,0,0,0,0,diseases\cropped_data\267..jpg,0,0
12,0,0,0,0,0,0,1,1,0,0,0,0,0,0,0,0,0,0,0,0,0,0,0,0,0,0,0,0,0,0,0,diseases\cropped_data\268..jpg,0,0
1,1,1,0,0,1,0,0,0,0,0,0,1,0,0,0,0,0,0,0,0,0,0,0,0,0,0,0,0,0,0,0,diseases\cropped_data\269..jpg,1,diseases\cropped_data\269..jpg
1,1,1,0,0,1,0,0,0,0,0,0,1,0,0,0,0,0,0,0,0,0,0,0,0,0,0,0,0,0,0,0,diseases\cropped_data\270..jpg,1,diseases\cropped_data\270..jpg
3,0,0,1,1,1,1,0,0,0,0,0,0,0,0,0,1,0,0,0,0,0,0,1,0,0,0,0,0,0,0,0,diseases\cropped_data\271..jpg,1,diseases\cropped_data\271..jpg
5,0,0,0,0,1,0,0,0,0,0,0,0,0,0,0,0,0,0,0,0,0,0,0,0,0,1,0,0,0,0,0,diseases\cropped_data\272..jpg,0,0
5,0,0,0,0,1,0,0,0,0,0,0,0,0,0,0,0,0,0,0,0,0,0,0,0,0,1,0,1,0,0,0,diseases\cropped_data\273..jpg,0,0
5,0,0,0,0,1,0,0,0,0,0,0,0,0,0,0,0,0,0,0,0,0,0,0,0,0,0,0,1,1,0,0,diseases\cropped_data\274..jpg,0,0
1,1,1,0,0,1,0,0,0,0,0,0,1,0,0,0,0,0,1,0,0,0,0,0,0,0,0,0,0,0,0,0,diseases\cropped_data\275..jpg,1,diseases\cropped_data\275..jpg
7,0,0,0,0,0,0,0,0,0,0,0,0,0,0,0,0,0,0,0,0,0,1,0,0,0,0,0,0,0,0,0,diseases\cropped_data\276..jpg,1,diseases\cropped_data\276..jpg
5,0,0,0,0,1,0,0,0,0,0,0,0,0,0,0,0,0,0,0,0,0,0,0,0,0,0,0,1,1,0,0,diseases\cropped_data\277..jpg,0,0
4,1,0,0,0,1,0,1,0,0,0,0,0,0,0,0,0,0,1,0,0,0,0,0,0,0,0,0,0,0,0,0,diseases\cropped_data\278..jpg,0,0
7,0,0,0,0,0,0,0,0,0,0,0,0,0,0,0,0,0,0,0,0,0,1,0,0,0,0,0,0,0,0,0,diseases\cropped_data\279..jpg,1,diseases\cropped_data\279..jpg
4,1,0,0,0,1,0,1,0,0,0,0,0,0,0,0,0,0,1,0,0,0,0,0,0,0,0,0,0,0,0,0,diseases\cropped_data\280..jpg,0,0
1,1,1,0,0,1,0,0,0,0,0,0,1,0,0,0,0,0,0,0,0,0,0,0,0,0,0,0,0,0,0,0,diseases\cropped_data\281..jpg,1,diseases\cropped_data\281..jpg
14,0,0,0,0,0,0,0,0,0,0,0,0,0,0,0,0,0,1,0,1,0,0,0,0,0,0,0,0,0,0,0,diseases\cropped_data\282..jpg,0,0
1,1,1,0,0,1,0,0,0,0,0,0,1,0,0,0,0,0,0,0,0,0,0,0,0,0,0,0,0,0,0,0,diseases\cropped_data\283..jpg,1,diseases\cropped_data\283..jpg
3,0,0,1,1,1,1,0,0,0,0,0,0,0,0,0,1,0,0,0,0,0,0,0,0,0,0,0,0,0,0,0,diseases\cropped_data\284..jpg,0,0
1,1,1,0,0,1,0,0,0,0,0,0,1,0,0,0,0,0,0,0,0,0,0,0,0,0,0,0,0,0,0,0,diseases\cropped_data\285..jpg,1,diseases\cropped_data\285..jpg
5,0,0,0,0,1,0,0,0,0,0,0,0,0,0,0,0,0,0,0,0,0,0,0,0,0,0,0,1,0,0,0,diseases\cropped_data\286..jpg,0,0
1,1,1,0,0,1,0,0,0,0,0,0,1,0,0,0,0,0,0,0,0,0,0,0,0,0,0,0,0,0,0,0,diseases\cropped_data\287..jpg,1,diseases\cropped_data\287..jpg
1,1,1,0,0,1,0,0,0,0,0,0,1,0,0,0,0,0,0,0,0,0,0,0,0,0,0,0,0,0,0,0,diseases\cropped_data\288..jpg,1,diseases\cropped_data\288..jpg
10,0,0,0,0,1,0,0,0,0,0,0,0,1,0,0,0,1,0,1,0,0,0,0,0,0,0,0,0,0,0,0,diseases\cropped_data\289..jpg,0,0
1,1,1,0,0,1,0,0,0,0,0,0,1,0,0,0,0,0,0,0,0,0,0,0,0,0,0,0,0,0,0,0,diseases\cropped_data\290..jpg,1,diseases\cropped_data\290..jpg
1,1,1,0,0,1,0,0,0,0,0,0,1,0,0,0,0,0,0,0,0,0,0,0,0,0,0,0,0,0,0,0,diseases\cropped_data\291..jpg,1,diseases\cropped_data\291..jpg
1,1,1,0,0,1,0,0,0,0,0,0,1,0,0,0,0,0,0,0,0,0,0,0,0,0,0,0,0,0,0,0,diseases\cropped_data\292..jpg,1,diseases\cropped_data\292..jpg
5,0,0,0,0,1,0,0,0,0,0,0,0,0,0,0,0,0,0,0,0,0,0,1,0,0,0,1,0,0,0,0,diseases\cropped_data\293..jpg,2,diseases\cropped_data\293..jpg
2,0,0,0,0,0,0,0,0,0,0,1,1,0,0,0,0,0,0,0,0,0,0,0,0,0,0,0,0,0,0,0,diseases\cropped_data\294..jpg,1,diseases\cropped_data\294..jpg
10,0,0,0,0,1,0,0,0,0,1,0,0,0,0,0,0,1,0,0,0,1,0,0,0,0,0,0,0,0,0,0,diseases\cropped_data\295..jpg,0,0
3,0,0,1,1,1,1,0,0,0,0,0,0,0,0,0,1,0,0,0,0,0,0,0,0,0,0,0,0,0,0,0,diseases\cropped_data\296..jpg,0,0
3,0,0,1,1,1,1,0,0,0,0,0,0,0,0,0,1,0,0,0,0,0,0,0,0,0,0,0,0,0,0,0,diseases\cropped_data\297..jpg,0,0
1,1,1,0,0,1,0,0,0,0,0,0,1,0,0,0,0,0,0,0,0,0,0,0,0,0,0,0,0,0,0,0,diseases\cropped_data\298..jpg,1,diseases\cropped_data\298..jpg
3,0,0,1,1,1,1,0,0,0,0,0,0,0,0,0,1,0,0,0,0,0,0,0,0,0,0,0,0,0,0,0,diseases\cropped_data\299..jpg,0,0
5,0,0,0,0,1,0,0,0,0,0,0,0,0,0,0,0,0,0,0,0,0,0,0,1,0,0,1,0,0,0,0,diseases\cropped_data\300..jpg,1,diseases\cropped_data\300..jpg
5,0,0,0,0,1,0,0,0,0,0,0,0,0,0,0,0,0,0,0,0,0,0,0,0,0,0,0,1,1,0,0,diseases\cropped_data\301..jpg,0,0
5,0,0,0,0,1,0,0,0,0,0,0,0,0,0,0,0,0,0,0,0,0,0,0,0,0,0,0,1,1,0,0,diseases\cropped_data\302..jpg,0,0
5,0,0,0,0,1,0,0,0,0,0,0,0,0,0,0,0,0,0,0,0,0,0,0,0,0,0,0,1,1,0,0,diseases\cropped_data\304..jpg,0,0
5,0,0,0,0,1,0,0,0,0,0,0,0,0,0,0,0,0,0,0,0,0,0,0,0,0,0,0,1,1,0,0,diseases\cropped_data\305..jpg,0,0
5,0,0,0,0,1,0,0,0,0,0,0,0,0,0,0,0,0,0,0,0,0,0,0,0,0,0,0,0,0,0,0,diseases\cropped_data\306..jpg,0,0
5,0,0,0,0,1,0,0,0,0,0,0,0,0,0,0,0,0,0,0,0,0,0,0,0,0,0,0,1,1,0,0,diseases\cropped_data\308..jpg,0,0
5,0,0,0,0,1,0,0,0,0,0,0,0,0,0,0,0,0,0,0,0,0,0,0,0,0,0,0,1,1,0,0,diseases\cropped_data\309..jpg,0,0
5,0,0,0,0,1,0,0,0,0,0,0,0,0,0,0,0,0,0,0,0,0,0,0,0,0,0,0,1,1,0,0,diseases\cropped_data\310..jpg,0,0
5,0,0,0,0,1,0,0,0,0,0,0,0,0,0,0,0,0,0,0,0,0,0,0,0,0,0,0,1,1,0,0,diseases\cropped_data\311..jpg,0,0
5,0,0,0,0,1,0,0,0,0,0,0,0,0,0,0,0,0,0,0,0,0,0,0,0,0,0,0,0,0,1,0,diseases\cropped_data\312..jpg,0,0
5,0,0,0,0,1,0,0,0,0,0,0,0,0,0,0,0,0,0,0,0,0,0,0,0,0,0,0,0,0,1,0,diseases\cropped_data\313..jpg,0,0
5,0,0,0,0,1,0,0,0,0,0,0,0,0,0,0,0,0,0,0,0,0,0,0,0,0,0,0,1,0,1,0,diseases\cropped_data\314..jpg,0,0
3,0,0,1,1,1,1,0,0,0,0,0,0,0,0,0,1,0,0,0,0,0,0,0,0,0,0,0,0,0,0,0,diseases\cropped_data\315..jpg,0,0
3,0,0,1,1,1,1,0,0,0,0,0,0,0,0,0,1,0,0,0,0,0,0,0,0,0,0,0,0,0,0,0,diseases\cropped_data\316..jpg,0,0
2,0,0,0,0,0,0,0,0,0,0,1,0,0,0,0,0,0,0,0,0,1,0,0,0,0,0,0,0,0,0,0,diseases\cropped_data\317..jpg,0,0
1,1,1,0,0,1,0,0,0,0,0,0,1,0,0,0,0,0,0,0,0,0,0,0,0,0,0,0,0,0,0,0,diseases\cropped_data\318..jpg,1,diseases\cropped_data\318..jpg
2,0,0,0,0,0,0,0,0,0,0,1,0,0,0,0,0,0,0,0,0,0,0,0,0,0,0,0,0,0,0,0,diseases\cropped_data\319..jpg,0,0
4,1,0,0,0,1,0,1,0,0,0,0,0,0,0,0,0,0,1,0,0,0,0,0,0,0,0,0,0,0,0,0,diseases\cropped_data\320..jpg,0,0
10,0,0,0,0,1,0,0,0,0,0,0,0,0,0,0,1,1,0,0,0,0,0,0,0,0,0,0,0,0,0,0,diseases\cropped_data\321..jpg,0,0
3,0,0,1,1,1,1,0,0,0,0,0,0,1,0,0,1,0,0,0,1,0,0,0,0,0,0,0,0,0,0,0,diseases\cropped_data\322..jpg,0,0
4,1,0,0,0,1,0,1,0,0,0,0,0,1,0,0,0,0,1,0,0,0,0,1,0,0,0,0,0,0,0,0,diseases\cropped_data\323..jpg,1,diseases\cropped_data\323..jpg
6,1,0,0,0,1,0,1,0,0,0,0,0,0,0,0,0,0,0,0,0,1,0,0,0,0,0,0,0,0,0,0,diseases\cropped_data\324..jpg,0,0
6,1,0,0,0,1,0,1,0,0,0,0,0,1,0,0,0,0,0,0,0,1,0,0,0,0,0,0,0,0,0,1,diseases\cropped_data\325..jpg,0,0
6,1,0,0,0,1,0,1,0,0,0,0,0,0,0,0,0,0,0,0,0,1,0,0,0,0,0,1,0,0,0,0,diseases\cropped_data\326..jpg,1,diseases\cropped_data\326..jpg
7,0,0,0,0,0,0,0,0,0,0,0,0,0,0,0,0,0,0,0,0,0,1,0,0,0,0,0,0,0,0,0,diseases\cropped_data\327..jpg,1,diseases\cropped_data\327..jpg
2,0,0,0,0,0,0,0,0,0,0,1,0,0,0,0,0,0,0,0,0,0,0,0,0,0,0,0,0,0,0,0,diseases\cropped_data\328..jpg,0,0
3,0,0,1,1,1,1,0,0,0,0,0,0,0,0,0,1,0,0,0,0,0,0,0,0,0,0,0,0,0,0,0,diseases\cropped_data\329..jpg,0,0
3,0,0,1,1,1,1,0,0,0,0,0,0,0,0,0,1,0,0,0,0,0,0,0,0,0,0,0,0,0,0,0,diseases\cropped_data\330..jpg,0,0
1,1,1,0,0,1,0,0,0,0,0,0,1,0,0,0,0,0,0,0,0,0,0,0,0,0,0,0,0,0,0,0,diseases\cropped_data\331..jpg,1,diseases\cropped_data\331..jpg
1,1,1,0,0,1,0,0,0,0,0,0,1,0,0,0,0,0,0,0,0,0,0,0,0,0,0,0,0,0,0,0,diseases\cropped_data\332..jpg,1,diseases\cropped_data\332..jpg
4,1,0,0,0,1,0,1,0,0,0,0,0,0,0,0,0,0,1,0,0,1,0,0,0,0,0,1,0,0,0,0,diseases\cropped_data\333..jpg,1,diseases\cropped_data\333..jpg
3,0,0,1,1,1,1,0,0,0,0,0,0,1,0,0,0,0,0,0,1,0,0,0,0,0,0,0,0,0,0,0,diseases\cropped_data\334..jpg,0,0
3,0,0,1,1,1,1,0,0,0,0,0,0,1,0,0,0,0,0,0,1,0,0,0,0,0,0,0,0,0,0,0,diseases\cropped_data\335..jpg,0,0
1,1,1,0,0,1,0,0,0,0,0,0,1,0,0,0,0,0,0,0,0,0,0,0,0,0,0,0,0,0,0,0,diseases\cropped_data\336..jpg,1,diseases\cropped_data\336..jpg
9,0,1,1,1,0,0,0,0,0,0,0,0,0,0,0,0,1,0,0,0,0,0,0,0,0,0,0,0,0,0,0,diseases\cropped_data\337..jpg,0,0
9,0,1,1,1,0,0,0,0,0,0,0,0,0,0,0,0,1,0,0,0,0,0,0,0,0,0,0,0,0,0,0,diseases\cropped_data\338..jpg,0,0
9,0,1,1,1,0,0,0,0,0,0,0,0,0,0,0,0,1,0,0,0,0,0,0,0,0,0,0,0,0,0,0,diseases\cropped_data\339..jpg,0,0
9,0,1,1,1,0,0,0,0,0,0,0,0,0,0,0,0,1,0,0,0,0,0,0,0,0,0,0,0,0,0,0,diseases\cropped_data\340..jpg,0,0
7,0,0,0,0,0,0,0,0,0,0,0,0,0,0,0,0,0,0,0,0,0,1,0,0,0,0,0,0,0,0,0,diseases\cropped_data\341..jpg,1,diseases\cropped_data\341..jpg
1,1,1,0,0,1,0,0,0,0,0,0,1,0,1,0,0,0,0,0,0,0,0,0,0,0,0,0,0,0,0,0,diseases\cropped_data\342..jpg,2,diseases\cropped_data\342..jpg
4,1,0,0,0,1,0,1,0,0,0,0,0,0,0,0,0,0,1,0,0,0,0,0,0,0,0,0,0,0,0,0,diseases\cropped_data\343..jpg,0,0
5,0,0,0,0,1,0,0,0,0,0,0,0,0,0,0,0,0,0,0,0,0,0,0,0,0,1,0,0,0,0,0,diseases\cropped_data\344..jpg,0,0
4,1,0,0,0,1,0,1,0,0,0,0,0,0,0,0,0,0,1,0,0,0,0,0,0,0,0,0,0,0,0,0,diseases\cropped_data\345..jpg,0,0
9,0,1,1,1,0,0,0,0,0,0,0,0,0,0,1,0,0,0,0,0,0,0,0,0,0,0,0,0,1,0,0,diseases\cropped_data\346..jpg,1,diseases\cropped_data\346..jpg
10,0,0,0,0,1,0,0,0,0,0,0,0,1,0,0,0,0,0,1,0,0,0,0,0,0,0,0,0,0,0,0,diseases\cropped_data\347..jpg,0,0
7,0,0,0,0,0,0,0,0,0,0,0,0,0,0,0,0,0,0,0,0,0,1,0,0,0,0,0,0,0,0,0,diseases\cropped_data\348..jpg,1,diseases\cropped_data\348..jpg
3,0,0,1,1,1,1,0,0,0,0,0,0,0,0,0,1,0,0,0,0,0,0,0,0,0,0,0,0,0,0,0,diseases\cropped_data\349..jpg,0,0
1,1,1,0,0,1,0,0,0,0,0,0,1,0,0,0,0,0,0,0,0,0,0,0,0,0,0,0,0,0,0,0,diseases\cropped_data\350..jpg,1,diseases\cropped_data\350..jpg
3,0,0,1,1,1,1,0,0,0,0,0,0,0,0,0,1,0,0,0,0,0,0,0,0,0,0,0,0,0,0,0,diseases\cropped_data\351..jpg,0,0
3,0,0,1,1,1,1,0,0,0,0,0,0,0,0,0,0,0,1,0,0,0,0,0,0,0,0,0,0,0,0,0,diseases\cropped_data\352..jpg,0,0
3,0,0,1,1,1,1,0,0,0,0,0,0,0,0,0,1,0,0,0,0,0,0,0,0,0,0,0,0,0,0,0,diseases\cropped_data\353..jpg,0,0
1,1,1,0,0,1,0,0,0,0,0,0,1,0,0,0,0,0,0,0,0,0,0,0,0,0,0,0,0,0,0,0,diseases\cropped_data\355..jpg,1,diseases\cropped_data\355..jpg
